{"model":"{\"layer_stack.0.weight\": [[0.8053122758865356, 0.13896751403808594, -0.9157052040100098, -1.0003589391708374], [-0.004772943444550037, -0.9493155479431152, 0.7737113237380981, 0.8113417029380798], [-0.2588455379009247, -0.39708009362220764, 0.9145426750183105, 0.5876180529594421], [0.18010827898979187, 0.7216769456863403, -0.5051090121269226, -1.0363929271697998]], \"layer_stack.0.bias\": [0.6269084215164185, 0.19930234551429749, -0.29444780945777893, 0.7934322357177734], \"layer_stack.2.weight\": [[0.531159520149231, -1.1902793645858765, -0.7276362776756287, 0.7108727097511292], [1.5226222276687622, 0.8766218423843384, 1.1985517740249634, 0.4221138060092926], [-1.1566826105117798, 0.3126415014266968, 0.6891351938247681, -1.235972285270691]], \"layer_stack.2.bias\": [-0.05806643143296242, -0.4466841518878937, -0.11122455447912216]}","labels":[2,1,0],"dataByLabels":[["Iris-virginica","Iris-versicolor","Iris-setosa"],"Number","Number","Number","Number"]}